"Нурофен форте, таблетки обезболивающие 400 мг, 12 шт. ","Ибупрофен","Для приема внутрь. Пациентам с повышенной чувствительностью желудка рекомендуется принимать препарат во время еды.

Только для кратковременного применения. Внимательно прочтите инструкцию перед приемом препарата.
Взрослым и детям старше 12 лет внутрь по 1 таблетке (400 мг) до 3 раз в сутки.

Таблетки следует запивать водой.

Интервал между приемом таблеток должен составлять не менее 6 часов.

Максимальная суточная доза составляет 1200 мг (3 таблетки). Максимальная суточная доза для детей от 12 до 18 лет составляет 800 мг (2 таблетки).

Если при приеме препарата в течение 2-3 дней симптомы сохраняются или усиливаются, необходимо прекратить лечение и обратиться к врачу.
",99,1
"Нурофен для детей суспензия 100 мг/5 мл клубника, 200 мл ","Ибупрофен","Нурофен® для детей – суспензия, специально разработанная для детей. Для приема внутрь. Пациентам с повышенной чувствительностью желудка рекомендуется принимать препарат во время еды.

Только для кратковременного применения. Внимательно прочтите инструкцию перед приемом препарата.

Перед употреблением тщательно взболтайте флакон. Для точного отмеривания дозы препарата прилагается удобный мерный шприц. 5 мл препарата содержат 100 мг ибупрофена или 20 мг ибупрофена в 1 мл.

Лихорадка (жар) и боль:

Дозировка для детей зависит от возраста и массы тела ребенка. Максимальная суточная доза не должна превышать 30 мг/кг массы тела ребенка c интервалами между приемами препарата 6-8 часов.

    Дети в возрасте 3-6 месяцев (вес ребенка от 5 до 7,6 кг): по 2,5 мл (50 мг) до 3 раз в течение 24 часов, не более 7,5 мл (150 мг) в сутки.

    Дети в возрасте 6-12 месяцев (вес ребенка 7,7 - 9 кг): по 2,5 мл (50 мг) до 3-4 раз в течение 24 часов, не более 10 мл (200 мг) в сутки.

    Дети в возрасте 1-3 года (вес ребенка 10 - 16 кг): по 5,0 мл (100 мг) до 3 раз в течение 24 часов, не более 15 мл (300 мг) в сутки.

    Дети в возрасте 4-6 лет (вес ребенка 17 - 20 кг): по 7,5 мл (150 мг) до 3 раз в течение 24 часов, не более 22,5 мл (450 мг) в сутки.

    Дети в возрасте 7-9 лет (вес ребенка 21 - 30 кг): по 10 мл (200 мг) до 3 раз в течение 24 часов, не более 30 мл (600 мг) в сутки.

    Дети в возрасте 10-12 лет (вес ребенка 31 - 40 кг): по 15 мл (300 мг) до 3 раз в течение 24 часов, не более 45 мл (900 мг) в сутки.

Продолжительность лечения - не более 3 дней. Не превышайте указанную дозу.

Если при приеме препарата в течение 24 часов (у детей в возрасте 3-5 месяцев) или в течение 3 дней (у детей в возрасте 6 месяцев и старше) симптомы сохраняются или усиливаются, необходимо прекратить лечение и обратиться к врачу.


Постиммунизационная лихорадка:

Детям в возрасте до 6 месяцев: по 2,5 мл (50 мг) препарата. При необходимости, еще 2,5 мл (50 мг) через 6 часов. Не применяйте более 5 мл (100 мг) в течение 24 часов.",189,2
"Нурофен суспензия для детей 100мг/5 мл клубника, 100 мл ","Ибупрофен","

Нурофен® для детей – суспензия, специально разработанная для детей. Для приема внутрь. Пациентам с повышенной чувствительностью желудка рекомендуется принимать препарат во время еды.

Только для кратковременного применения. Внимательно прочтите инструкцию перед приемом препарата.

Перед употреблением тщательно взболтайте флакон. Для точного отмеривания дозы препарата прилагается удобный мерный шприц. 5 мл препарата содержат 100 мг ибупрофена или 20 мг ибупрофена в 1 мл.

Использование мерного шприца:

Плотно вставьте мерный шприц в горлышко флакона. Переверните флакон вверх дном и плавно потяните поршень вниз, набирая суспензию в шприц до нужной отметки. Верните флакон в исходное положение и выньте шприц, аккуратно поворачивая его. Поместите шприц в ротовую полость и медленно нажимайте на поршень, плавно выпуская суспензию.

После употребления промойте шприц в теплой воде и высушите его в недоступном для ребенка месте.

Лихорадка (жар) и боль:

Дозировка для детей зависит от возраста и массы тела ребенка.

Максимальная суточная доза не должна превышать 30 мг/кг массы тела ребенка c интервалами между приемами препарата 6-8 часов. 

Дети в возрасте 3-6  месяцев (вес ребенка от 5 до 7,6 кг): по 2,5 мл (50 мг) до 3 раз в течение 24 часов, не более 7,5 мл (150 мг) в сутки.

Дети в возрасте 6-12 месяцев (вес ребенка 7,7 - 9 кг): по 2,5 мл (50 мг) до 3-4 раз в течение 24 часов, не более 10 мл (200 мг) в сутки.

Дети в возрасте 1-3 года (вес ребенка 10 - 16 кг): по 5,0 мл (100 мг) до 3 раз в течение 24 часов, не более 15 мл (300 мг) в сутки.

Дети в возрасте 4-6 лет (вес ребенка 17 - 20 кг): по 7,5 мл (150 мг) до 3 раз в течение 24 часов, не более 22,5 мл (450 мг) в сутки.

Дети в возрасте 7-9 лет (вес ребенка 21 - 30 кг): по 10 мл (200 мг) до 3 раз в течение 24 часов, не более 30 мл (600 мг) в сутки.

Дети в возрасте 10-12 лет (вес ребенка 31 - 40 кг): по 15 мл (300 мг) до 3 раз в течение 24 часов, не более 45 мл (900 мг) в сутки.

Продолжительность лечения - не более 3 дней. Не превышайте указанную дозу.

Если при приеме препарата в течение 24 часов (у детей в возрасте 3-5 месяцев) или в течение 3 дней (у детей в возрасте 6 месяцев и старше) симптомы сохраняются или усиливаются, необходимо прекратить лечение и обратиться к врачу.

Постиммунизационная лихорадка:

Детям в возрасте до 6 месяцев: по 2,5 мл (50 мг) препарата. При необходимости, еще 2,5 мл (50 мг) через 6 часов. Не применяйте более 5 мл (100 мг) в течение 24 часов.",112,3
"Нурофен для детей с 6 лет, таблетки от жара и боли 200 мг, 8 шт. ","Ибупрофен","

С 6 до 12 лет  - по 1 таблетке не более 4 раз в сутки.

С 12 лет – по 1 таблетке 3-4 раза в сутки.

Не принимать более 6 таблеток в течение 24 часов.

Интервалы между приемом препарата должны составлять не менее 6 часов. ",101,4
"Нурофаст таблетки покрыт.плен.об. 200 мг, 20 шт. ","Ибупрофен","Для приема внутрь. Пациентам с повышенной чувствительностью желудка рекомендуется принимать препарат во время еды. 
Только для кратковременного применения. Внимательно прочтите инструкцию перед приемом препарата.

Взрослым и детям старше 12 лет: внутрь по 1 таблетке (200 мг) до 3-4 раз в сутки.

Таблетки следует запивать водой. Для достижения более быстрого терапевтического эффекта у взрослых доза может быть увеличена до 2 таблеток (400 мг) до 3 раз в сутки.

Детям от 6 до 12 лет: по 1 таблетке (200 мг) до 3-4 раз в день; препарат можно принимать только в случае массы тела ребенка более 20 кг.

Интервал между приемом таблеток должен составлять не менее 6 часов.

Максимальная суточная доза для взрослых составляет 1200 мг (6 таблеток).

Максимальная суточная доза для детей от 6 до 18 лет составляет 800 мг (4 таблетки).

Если при приеме препарата в течение 2-3 дней симптом",143,5
"Нурофаст Форте таблетки покрыт.плен.об. 400 мг, 20 шт. ","Ибупрофен","

Для приема внутрь. Пациентам с повышенной чувствительностью желудка рекомендуется принимать препарат во время еды.

Только для кратковременного применения. Внимательно прочтите инструкцию перед приемом препарата.

Взрослым и детям старше 12 лет внутрь по 1 таблетке (400 мг) до 3 раз в сутки.

Детям от 6 до 12 лет по 1/2 таблетки (200 мг) до 3-4 раз в сутки; препарат можно принимать только в случае массы тела ребенка более 20 кг.
Таблетки следует запивать водой.

Интервал между приемом таблеток должен составлять не менее 4 часов.

Максимальная суточная доза для взрослых составляет 1200 мг (3 таблетки).

Максимальная суточная доза для детей от 6 до 18 лет составляет 800 мг (2 таблетки).

Если при приеме препарата в течение 2-3 дней симптомы сохраняются или усиливаются, необходимо прекратить лечение и обратиться к врачу.",143,6
"Нурофен Экспресс капсулы обезболивающие 200 мг, 8 шт.","Ибупрофен","Внимательно прочтите инструкцию перед приемом препарата.

Для приема внутрь. Только для кратковременного применения.

Взрослые и дети старше 12 лет: внутрь по 1 капсуле (200 мг), не разжевывая, до 3-4 раз в сутки. Капсулу следует запивать водой. Интервал между приемами препарата должен составлять 6-8 часов.

Для достижения более быстрого терапевтического эффекта у взрослых разовая доза может быть увеличена до 2 капсул (400 мг) до 3 раз в сутки.

Максимальная суточная доза составляет 1200 мг.

Максимальная суточная доза для детей 12-17 лет составляет 1000 мг.

Если при приеме препарата в течение 2-3 дней симптомы сохраняются или усиливаются, необходимо прекратить лечение и обратиться к врачу.
",143,7
"Нурофен, таблетки обезболивающие 200 мг, 10 шт. ","Ибупрофен","Для приема внутрь.

Пациентам с повышенной чувствительностью желудка рекомендуется принимать препарат во время еды.

Только для кратковременного применения.

Внимательно прочтите инструкцию перед приемом препарата.

Взрослым и детям старше 12 лет: внутрь по 1 таблетке (200 мг) до 3-4 раз в сутки.

Таблетки следует запивать водой.

Для достижения более быстрого терапевтического эффекта у взрослых доза может быть увеличена до 2 таблеток (400 мг) до 3 раз в сутки.

Детям от 6 до 12 лет: по 1 таблетке (200 мг) до 3-4 раз в день; препарат можно принимать только в случае массы тела ребенка более 20 кг. Интервал между приемом таблеток должен составлять не менее 6 часов.

Максимальная суточная доза для взрослых составляет 1200 мг (6 таблеток).

Максимальная суточная доза для детей от 6 до 18 лет: 800 мг (4 таблетки).

Если при приеме препарата в течение 2-3 дней симптомы сохраняются или усиливаются, необходимо прекратить лечение и обратиться к врачу.

Для приема внутрь.

Пациентам с повышенной чувствительностью желудка рекомендуется принимать препарат во время еды.

Только для кратковременного применения.

Внимательно прочтите инструкцию перед приемом препарата.

Взрослым и детям старше 12 лет: внутрь по 1 таблетке (200 мг) до 3-4 раз в сутки. Таблетки следует запивать водой. Для достижения более быстрого терапевтического эффекта у взрослых доза может быть увеличена до 2 таблеток (400 мг) до 3 раз в сутки.

Детям от 6 до 12 лет: по 1 таблетке (200 мг) до 3-4 раз в день; препарат можно принимать только в случае массы тела ребенка более 20 кг.

Интервал между приемом таблеток должен составлять не менее 6 часов.

Максимальная суточная доза для взрослых составляет 1200 мг (6 таблеток).

Максимальная суточная доза для детей от 6 до 18 лет: 800 мг (4 таблетки).

Если при приеме препарата в течение 2-3 дней симптомы сохраняются или усиливаются, необходимо прекратить лечение и обратиться к врачу.

Более подробную информацию о способах применения и дозах, противопоказаниях и побочных эффектах смотрите в инструкции по применению препарата. ",87,8
"Нурофен Экспресс Форте капсулы обезболивающие 400 мг, 10 шт. ","Ибупрофен","

Внимательно прочтите инструкцию перед приемом препарата.

Для приема внутрь. Только для кратковременного применения.

Взрослые и дети старше 12 лет: внутрь по 1 капсуле, не разжевывая. Капсулу следует запивать водой. Интервал между приемами препарата должен составлять не менее 4 часов. Максимальная суточная доза составляет 1200 мг. Максимальная суточная доза для детей 12-17 лет составляет 800 мг.

Если при приеме препарата в течение 2-3 дней симптомы сохраняются или усиливаются, необходимо прекратить лечение и обратиться к врачу.",175,9
"Нурофен, экспресс гель от боли в суставах 5%, 100 г ","Ибупрофен","

Только для наружного применения.

Внимательно прочтите инструкцию перед применением препарата.

Нурофен® Экспресс гель назначают взрослым и детям старше 14 лет.

При первом использовании тюбика: открыв крышку, проверьте, что предохранительная фольга на горловине тюбика не повреждена. Вскройте фольгу, надавливая на нее внешней стороной крышки.

Выдавите из тюбика на руку 4 – 10 см препарата (эквивалентно приблизительно 50 – 125 мг ибупрофена) и аккуратно вотрите гель в кожу до полного впитывания.

Сразу после применения препарата необходимо вымыть руки.

Повторно использовать препарат следует не ранее, чем через 4 часа. Не следует применять гель более четырех раз в течение 24 часов. Максимальная суточная доза 500 мг.

Если в течение 2-х недель использования препарата симптомы сохраняются или усугубляются, необходимо прекратить лечение и обратиться к врачу.

Не превышайте указанную дозу.",254,10
"Нурофен Экспресс Форте капсулы обезболивающие, 400 мг, 20 шт. ","Ибупрофен","

Внимательно прочтите инструкцию перед приемом препарата.

Для приема внутрь. Только для кратковременного применения.

Взрослые и дети старше 12 лет: внутрь по 1 капсуле, не разжевывая. Капсулу следует запивать водой. Интервал между приемами препарата должен составлять не менее 4 часов. Максимальная суточная доза составляет 1200 мг.

Максимальная суточная доза для детей 12-17 лет составляет 800 мг.

Если при приеме препарата в течение 2-3 дней симптомы сохраняются или усиливаются, необходимо прекратить лечение и обратиться к врачу.",313,11
"Нурофен, таблетки обезболивающие 200 мг, 20 шт. ","Ибупрофен","Для приема внутрь. Пациентам с повышенной чувствительностью желудка рекомендуется принимать препарат во время еды.
Только для кратковременного применения. Внимательно прочтите инструкцию перед приемом препарата.

Взрослым и детям старше 12 лет: внутрь по 1 таблетке (200 мг) до 3-4 раз в сутки. Таблетки следует запивать водой. Для достижения более быстрого терапевтического эффекта у взрослых доза может быть увеличена до 2 таблеток (400 мг) до 3 раз в сутки.

Детям от 6 до 12 лет: по 1 таблетке (200 мг) до 3-4 раз в день; препарат можно принимать только в случае массы тела ребенка более 20 кг.

Интервал между приемом таблеток должен составлять не менее 6 часов.

Максимальная суточная доза для взрослых составляет 1200 мг (6 таблеток). Максимальная суточная доза для детей от 6 до 18 лет: 800 мг (4 таблетки).

Если при приеме препарата в течение 2-3 дней симптомы сохраняются или усиливаются, необходимо прекратить лечение и обратиться к врачу. ",140,12
"Нурофен для детей суспензия 100 мг/5 мл апельсин, 200 мл ","Ибупрофен","

Нурофен® для детей – суспензия, специально разработанная для детей. Для приема внутрь. Пациентам с повышенной чувствительностью желудка рекомендуется принимать препарат во время еды.

Только для кратковременного применения. Внимательно прочтите инструкцию перед приемом препарата.

Перед употреблением тщательно взболтайте флакон. Для точного отмеривания дозы препарата прилагается удобный мерный шприц. 5 мл препарата содержат 100 мг ибупрофена или 20 мг ибупрофена в 1 мл.

Использование мерного шприца:

Плотно вставьте мерный шприц в горлышко флакона. Переверните флакон вверх дном и плавно потяните поршень вниз, набирая суспензию в шприц до нужной отметки. Верните флакон в исходное положение и выньте шприц, аккуратно поворачивая его. Поместите шприц в ротовую полость и медленно нажимайте на поршень, плавно выпуская суспензию.

После употребления промойте шприц в теплой воде и высушите его в недоступном для ребенка месте.

Лихорадка (жар) и боль:

Дозировка для детей зависит от возраста и массы тела ребенка. Максимальная суточная доза не должна превышать 30 мг/кг массы тела ребенка c интервалами между приемами препарата 6-8 часов.

Дети в возрасте 3-6 месяцев (вес ребенка от 5 до 7,6 кг): по 2,5 мл (50 мг) до 3 раз в течение 24 часов, не более 7,5 мл (150 мг) в сутки.

Дети в возрасте 6-12 месяцев (вес ребенка 7,7 - 9 кг): по 2,5 мл (50 мг) до 3-4 раз в течение 24 часов, не более 10 мл (200 мг) в сутки.

Дети в возрасте 1-3 года (вес ребенка 10 - 16 кг): по 5,0 мл (100 мг) до 3 раз в течение 24 часов, не более 15 мл (300 мг) в сутки.

Дети в возрасте 4-6 лет (вес ребенка 17 - 20 кг): по 7,5 мл (150 мг) до 3 раз в течение 24 часов, не более 22,5 мл (450 мг) в сутки.

Дети в возрасте 7-9 лет (вес ребенка 21 - 30 кг): по 10 мл (200 мг) до 3 раз в течение 24 часов, не более 30 мл (600 мг) в сутки.

Дети в возрасте 10-12 лет (вес ребенка 31 - 40 кг): по 15 мл (300 мг) до 3 раз в течение 24 часов, не более 45 мл (900 мг) в сутки.

Продолжительность лечения - не более 3 дней. Не превышайте указанную дозу.

Если при приеме препарата в течение 24 часов (у детей в возрасте 3-5 месяцев) или в течение 3 дней (у детей в возрасте 6 месяцев и старше) симптомы сохраняются или усиливаются, необходимо прекратить лечение и обратиться к врачу.

Постиммунизационная лихорадка:

Детям в возрасте до 6 месяцев: по 2,5 мл (50 мг) препарата. При необходимости, еще 2,5 мл (50 мг) через 6 часов. Не применяйте более 5 мл (100 мг) в течение 24 часов.",187,13
"Нурофен Экспресс Леди, таблетки 400 мг, 12 шт.","Ибупрофен","Внимательно прочтите инструкцию перед приемом препарата.

Для приема внутрь. Только для кратковременного применения.

Взрослым и детям старше 12 лет внутрь по 1 таблетке (400 мг) до 3 раз в сутки. Таблетки следует запивать водой. Интервал между приемом препарата должен составлять не менее 4 часов.

Максимальная суточная доза составляет 1200 мг (3 таблетки).

Максимальная суточная доза для детей от 12-17 лет составляет 800 мг (2 таблетки).

Если при приеме препарата в течение 2-3 дней симптомы сохраняются или усиливаются, необходимо прекратить лечение и обратиться к врачу.

В случае необходимости приема препарата более 10 дней, необходимо обратиться к врачу.. 
",185,14
"Нурофен суспензия для детей 100 мг/5 мл клубника, 150 мл ","Ибупрофен"," Нурофен для детей  суспензия, специально разработанная для детей. Для приема внутрь. Пациентам с повышенной чувствительностью желудка рекомендуется принимать препарат во время еды.

Только для кратковременного применения. Внимательно прочтите инструкцию перед приемом препарата.

Перед употреблением тщательно взболтайте флакон. Для точного отмеривания дозы препарата прилагается удобный мерный шприц. 5 мл препарата содержат 100 мг ибупрофена или 20 мг ибупрофена в 1 мл.

Использование мерного шприца:

Плотно вставьте мерный шприц в горлышко флакона. Переверните флакон вверх дном и плавно потяните поршень вниз, набирая суспензию в шприц до нужной отметки. Верните флакон в исходное положение и выньте шприц, аккуратно поворачивая его. Поместите шприц в ротовую полость и медленно нажимайте на поршень, плавно выпуская суспензию.

После употребления промойте шприц в теплой воде и высушите его в недоступном для ребенка месте.

Лихорадка (жар) и боль:

Дозировка для детей зависит от возраста и массы тела ребенка.

Максимальная суточная доза не должна превышать 30 мг/кг массы тела ребенка c интервалами между приемами препарата 6-8 часов.

Дети в возрасте 3-6 месяцев (вес ребенка от 5 до 7,6 кг): по 2,5 мл (50 мг) до3 раз в течение 24 часов, не более 7,5 мл (150 мг) в сутки.
Дети в возрасте 6-12 месяцев (вес ребенка 7,7 - 9 кг): по 2,5 мл (50 мг) до3-4 раз в течение 24 часов, не более 10 мл (200 мг) в сутки.
Дети в возрасте 1-3 года (вес ребенка 10 - 16 кг): по 5,0 мл (100 мг) до 3 раз в течение 24 часов, не более 15 мл (300 мг) в сутки.
Дети в возрасте 4-6 лет (вес ребенка 17 - 20 кг): по 7,5 мл (150 мг) до 3 раз в течение 24 часов, не более 22,5 мл (450 мг) в сутки.
Дети в возрасте 7-9 лет (вес ребенка 21 - 30 кг): по 10 мл (200 мг) до 3 раз в течение 24 часов, не более 30 мл (600 мг) в сутки.
Дети в возрасте 10-12 лет (вес ребенка 31 - 40 кг): по 15 мл (300 мг) до 3 раз в течение 24 часов, не более 45 мл (900 мг) в сутки.

Продолжительность лечения - не более 3 дней.

Не превышайте указанную дозу.

Если при приеме препарата в течение 24 часов (у детей в возрасте 3-5 месяцев) или в течение 3 дней (у детей в возрасте 6 месяцев и старше) симптомы сохраняются или усиливаются, необходимо прекратить лечение и обратиться к врачу.

Постиммунизационная лихорадка:
Детям в возрасте до 6 месяцев: по 2,5 мл (50 мг) препарата.

При необходимости, еще 2,5 мл (50 мг) через 6 часов. Не применяйте более5 мл (100 мг) в течение 24 часов. ",146,15
"Нурофен суспензия для детей 100 мг/5 мл апельсин, 150 мл ","Ибупрофен","
Нурофен® для детей – суспензия, специально разработанная для детей. Для приема внутрь. Пациентам с повышенной чувствительностью желудка рекомендуется принимать препарат во время еды.

Только для кратковременного применения. Внимательно прочтите инструкцию перед приемом препарата.
Перед употреблением тщательно взболтайте флакон. Для точного отмеривания дозы препарата прилагается удобный мерный шприц. 5 мл препарата содержат 100 мг ибупрофена или 20 мг ибупрофена в 1 мл.

Использование мерного шприца:

Плотно вставьте мерный шприц в горлышко флакона. Переверните флакон вверх дном и плавно потяните поршень вниз, набирая суспензию в шприц до нужной отметки. Верните флакон в исходное положение и выньте шприц, аккуратно поворачивая его. Поместите шприц в ротовую полость и медленно нажимайте на поршень, плавно выпуская суспензию.
После употребления промойте шприц в теплой воде и высушите его в недоступном для ребенка месте.

Лихорадка (жар) и боль:

Дозировка для детей зависит от возраста и массы тела ребенка. Максимальная суточная доза не должна превышать 30 мг/кг массы тела ребенка c интервалами между приемами препарата 6-8 часов.
Дети в возрасте 3-6 месяцев (вес ребенка от 5 до 7,6 кг): по 2,5 мл (50 мг) до 3 раз в течение 24 часов, не более 7,5 мл (150 мг) в сутки.
Дети в возрасте 6-12 месяцев (вес ребенка 7,7 - 9 кг): по 2,5 мл (50 мг) до 3-4 раз в течение 24 часов, не более 10 мл (200 мг) в сутки.
Дети в возрасте 1-3 года (вес ребенка 10 - 16 кг): по 5,0 мл (100 мг) до 3 раз в течение 24 часов, не более 15 мл (300 мг) в сутки.
Дети в возрасте 4-6 лет (вес ребенка 17 - 20 кг): по 7,5 мл (150 мг) до 3 раз в течение 24 часов, не более 22,5 мл (450 мг) в сутки.
Дети в возрасте 7-9 лет (вес ребенка 21 - 30 кг): по 10 мл (200 мг) до 3 раз в течение 24 часов, не более 30 мл (600 мг) в сутки.
Дети в возрасте 10-12 лет (вес ребенка 31 - 40 кг): по 15 мл (300 мг) до 3 раз в течение 24 часов, не более 45 мл (900 мг) в сутки.
Продолжительность лечения - не более 3 дней. Не превышайте указанную дозу.

Если при приеме препарата в течение 24 часов (у детей в возрасте 3-5 месяцев) или в течение 3 дней (у детей в возрасте 6 месяцев и старше) симптомы сохраняются или усиливаются, необходимо прекратить лечение и обратиться к врачу.

Постиммунизационная лихорадка:

Детям в возрасте до 6 месяцев: по 2,5 мл (50 мг) препарата. При необходимости, еще 2,5 мл (50 мг) через 6 часов. Не применяйте более 5 мл (100 мг) в течение 24 часов. 

",144,16
"Нурофен Интенсив таблетки обезболивающие 200 мг+500 мг, 6 шт. ","Ибупрофен","

Внимательно прочтите инструкцию перед приемом препарата.

Для приема внутрь, до или через 2-3 часа после еды. Только для кратковременного применения.

Принимать по 1 таблетке до трех раз в сутки, запивая водой. Интервал между приемами препарата должен составлять не менее 6 часов.

Максимальная разовая доза: 2 таблетки (соответствует 400 мг ибупрофена, 1000 мг парацетамола).

Максимальная суточная доза: 6 таблеток (соответствует 1200 мг ибупрофена, 3000 мг парацетамола).

Рекомендуется продолжительность лечения не более 3 дней. Если при приеме препарата в течение 2-3 дней симптомы сохраняются или усиливаются, необходимо прекратить лечение и обратиться к врачу.",198,17
"Бруфика Плюс суспензия для приема внутрь 100 мг+162.5 мг/5 мл, 100 мл ","Ибупрофен, парацетамол","

Бруфика Плюс принимают внутрь. Препарат принимается при появлении симптомов (повышение температуры тела или болевой синдром).
Перед употреблением тщательно взболтать флакон. Для точного отмеривания дозы препарата прилагается шприц - дозатор или мерная ложка.
Доза препарата зависит от возраста и массы тела ребенка.

Масса тела (возраст) Однократная дозировка
10-15 кг (2-3 года) 5 мл
16-21 кг (4-6 лет) 7.5 мл
22-26 кг (7-9 лет) 10 мл
27-32 кг (10-11 лет) 12.5 мл
33-43 кг (12-14 лет) 15 мл

Препарат принимают 3 раза в день с интервалом 8 часов.
Предупреждение: не превышать указанную дозу.
Продолжительность лечения:
— не более 3-х дней в качестве жаропонижающего;
— не более 5-ти дней в качестве обезболивающего.
Если температура или болевой синдром сохраняется, посоветуйтесь с врачом.

Использование мерного шприца:
1. Хорошо взболтайте суспензию (флакон).
2. Плотно вставьте шприц в горлышко флакона.
3. Переверните флакон вверх дном и плавно потяните поршень вниз, набирая суспензию в шприц до нужной отметки.
4. Верните флакон в исходное положение и выньте шприц, аккуратно поворачивая его.
5. Поместите шприц в ротовую полость ребенка и медленно нажимайте на поршень, плавно выпуская суспензию.
После употребления промойте шприц в теплой воде и высушите его в недоступном для ребенка месте.",282,18
"Нурофен Интенсив таблетки обезболивающие 200 мг+500 мг, 12 шт. ","Ибупрофен, парацетамол","

Внимательно прочтите инструкцию перед приемом препарата.

Для приема внутрь, до или через 2-3 часа после еды. Только для кратковременного применения.

Принимать по 1 таблетке до трех раз в сутки, запивая водой. Интервал между приемами препарата должен составлять не менее 6 часов.

Максимальная разовая доза: 2 таблетки (соответствует 400 мг ибупрофена, 1000 мг парацетамола).

Максимальная суточная доза: 6 таблеток (соответствует 1200 мг ибупрофена, 3000 мг парацетамола).

Рекомендуется продолжительность лечения не более 3 дней. Если при приеме препарата в течение 2-3 дней симптомы сохраняются или усиливаются, необходимо прекратить лечение и обратиться к врачу.",280,19
"Парацитолгин таблетки покрыт. плен. об. 400 мг+325 мг, 10 шт.","Ибупрофен","

Внутрь (до или через 2-3 ч после еды), не разжевывая, запивая достаточным количеством воды. По 1 таблетке 3 раза в сутки. Максимальная суточная доза – 3 таблетки.

Длительность лечения не более 3 дней в качестве жаропонижающего средства и не более 5 дней в качестве обезболивающего. Продолжение лечения препаратом возможно только после консультации с врачом.

Если после лечения улучшения не наступает или симптомы усугубляются, или появляются новые симптомы, необходимо проконсультироваться с врачом. Применяйте препарат только согласно тем показаниям, тому способу применения и в тех дозах, которые указаны в инструкции.",160,20
"Пенталгин экстра-гель для наружного применения 5%, 50 г ","Кетопрофен"," Препарат предназначен для наружного применения.

Гель следует наносить на чистую сухую кожу. Небольшое количество геля (3-5 см) наносят тонким слоем, с последующим осторожным втиранием в воспаленные или болезненные участки тела. Препарат следует наносить 2-3 раза в день.

Продолжительность курса лечения не должна превышать 14 дней.",360,21
"Кетопрофен раствор для в/в и в/м введен 50мг/мл 2 мл ампулы, 5 шт.","Кетопрофен"," Внутривенно, внутримышечно. Внутримышечно (в/м) - 100 мг (1 ампула) 1-2 раза в сутки. Внутривенное (в/в) инфузионное введение должно проводиться только в условиях стационара. Непродолджительная внутривенная инфузия: 100-200 мг (1-2 ампулы) растворяют в 100 мл 0,9% раствора натрия хлорида и вводят в течение 0,5-1 часа; возможно повторное введение через 8 часов.

Продолжительная внутривенная инфузия: 100-200 мг (1-2 ампулы) растворяют в 500 мл инфузионного раствора (0,9% раствор натрия хлорида, раствор Рингера, 5% раствор декстрозы) и вводят в течение 8 часов;

возможно повторное введение через 8 часов. Из-за светочувствительности флакон или полиэтиленовый пакет с инфузионным раствором кетопрофена следует обернуть темной бумагой или алюминиевой фольгой. Максимальная суточная доза – 200 мг.

Кетопрофен может применяться в комбинации с анальгетиками центрального действия; его можно смешивать с морфином в одном флаконе. Препарат не следует принимать более 2-3 дней, в случае необходимости - применять иные лекарственные формы. ",104,22
"Кетонал Актив гранулы д/пригот р-ра д/приема внутрь 40 мг пакетики, 12 шт. ","Кетопрофен","

Взрослым:

Содержимое двух пакетиков растворить в половине стакана питьевой воды и принимать внутрь до 3-х раз в день во время еды.

Пожилым пациентам дозу устанавливает врач, желательно уменьшение дозировки в 2 раза.

Детям (от 6 до 14 лет):

Содержимое одного пакетика растворить в половине стакана питьевой воды и принимать внутрь до 3-х раз в день во время еды.

Детям (от 14 до 18 лет):

Дозировки препарата соответствуют таковым у взрослых.

Для снижения риска развития нежелательных явлений со стороны желудочно-кишечного тракта следует использовать минимальную эффективную дозу максимально возможным коротким курсом.",228,23
"Аркетал Ромфарм р-р для инфузий и в/мыш. введ. 50 мг/мл 2 мл ампулы, 10 шт. ","Кетопрофен"," Препарат вводят взрослым в/в капельно или в/м. В/м - 100 мг 1-2 раза/сут, в/в капельно - 100-200 мг в 100-500 мл 0.9% раствора натрия хлорида. Инфузии проводятся только в стационаре, не более 300 мг в течение 0.5-1 ч.

Максимальная суточная доза - 300 мг.

Лечение препаратом проводят кратковременно (2-3 дня). При необходимости лечение продолжают другими лекарственными формами.

У пациентов пожилого возраста препарат рекомендуется применять в минимальной эффективной дозе. Пациентам требуется регулярное наблюдение, т.к. возможно желудочно-кишечное кровотечение во время терапии НПВС.

У пациентов с почечной недостаточностью препарат рекомендуется применять в минимальной эффективной дозе, которую затем корректируют в зависимости от состояния функции почек.

Правила введения препарата

В/м препарат вводят глубоко, медленно, в верхний наружный квадрант ягодицы, в строго асептических условиях. Последующие инъекции вводят поочередно в обе ягодицы.

В/в: 1) кратковременная инфузия - от 100 до 200 мг кетопрофена разбавляют в 100 мл 0.9% раствора натрия хлорида и вводят в течение 0.5-1 ч; введение можно повторять каждые 8 ч, в течение не более 48 ч; 2) длительная инфузия - от 100 до 200 мг кетопрофена разбавляют в 500 мл раствора для инфузии (0.9% раствор натрия хлорида, раствор Рингера лактата, раствор декстрозы) и вводят в течение 8 ч; введение можно повторять каждые 8 ч, в течение не более 24 ч.

В связи с тем, что кетопрофен является чувствительным к свету, флакон или инфузионный мешок должны быть покрыты черной бумагой или алюминиевой фольгой. ",174,24
"Фастум, гель 2.5%, 100 г","Кетопрофен","Для наружного применения.
Полоску геля длиной 5-10 см наносят тонким слоем на пораженный участок или кожные покровы над очагом воспаления 1 -3 раза в сутки и слегка втирают.
Возможно применение препарата Фастум® в сочетании с физиотерапией (фонофорез и ионофорез).",593,25
"Смекта порошок для приготовления суспензии апельсин 3 г, 10 шт.","Смектит диоктаэдрический","

Перед приемом содержимое 1 пакетика следует растворить в половине стакана воды, постепенно всыпая порошок и равномерно его размешивая.

Дети, включая младенцев:

    до 1 года - 1 пакетик в сутки;
    1-2 года - 1-2 пакетика в сутки;
    старше 2 лет - 2-3 пакетика в сутки.

Взрослые 3 пакетика в сутки.

Рекомендуется курс лечения 3-7 дней.

При эзофагите Смекту следует принимать внутрь после еды, при других показаниях - между приемами пищи.",108,26
"Диосмектит порошок для приготовления суспензии 3 г, 10 шт.","Смектит диоктаэдрический"," Взрослым назначают 3 пакета в сутки в течение минимум 3 дней. При острой диарее в начале лечения дневная доза может быть удвоена.

Перед приемом содержимое 1 пакета растворить в половине стакана воды. Д ля получения однородной суспензии следует постепенно высыпать в жидкость порошок, равномерно его размешивая. При эзофагитах препарат Диосмектит предпочтительнее принимать после еды, в других случаях - между приемами пищи.

Детям в возрасте до 1 года назначают 1 пакет в сутки; от 1 до 2 лет - 2 пакета в сутки; старше 2 лет - 2-3 пакета в сутки.

Курс лечения - минимум 3 дня. Содержимое пакета растворяют в детской бутылочке, рассчитанной на 50 мл воды, и распределяют на несколько приемов в течение дня, или тщательно размешивают с каким-нибудь полужидким продуктом: суп, каша, компот, пюре, детское питание. ",108,27
"Смекта суспензия для приема внутрь карамель-какао 3 г пакетики, 8 шт.","Смектит диоктаэдрический","При приеме внутрь для взрослых суточная доза составляет 9 г.

Для детей в возрасте старше 2 лет - 6-9 г/сут, в возрасте 1-2 лет - 6 г/сут, в возрасте до 1 года - 3 г/сут. ",236,28
"Смекта порошок для приготовления суспензии апельсин 3 г, 10 шт. ","Смектит диоктаэдрический","

Перед приемом содержимое 1 пакетика следует растворить в половине стакана воды, постепенно всыпая порошок и равномерно его размешивая.

Дети, включая младенцев:

    до 1 года - 1 пакетик в сутки;
    1-2 года - 1-2 пакетика в сутки;
    старше 2 лет - 2-3 пакетика в сутки.

Взрослые 3 пакетика в сутки.

Рекомендуется курс лечения 3-7 дней.

При эзофагите Смекту следует принимать внутрь после еды, при других показаниях - между приемами пищи.",108,29
"Смекта порошок д/пригот.суспензии клубничный 3 г, 10 шт.","Смектит диоктаэдрический","

Перед приемом содержимое 1 пакетика следует растворить в половине стакана воды, постепенно всыпая порошок и равномерно его размешивая.

Дети, включая младенцев:

    до 1 года - 1 пакетик в сутки;
    1-2 года - 1-2 пакетика в сутки;
    старше 2 лет - 2-3 пакетика в сутки.

Взрослые 3 пакетика в сутки.

Рекомендуется курс лечения 3-7 дней.

При эзофагите Смекту следует принимать внутрь после еды, при других показаниях - между приемами пищи.",108,30
"Метрогил Дента гель стоматологический, 20 г","Метронидазол","Местно, только для стоматологического применения.

При воспалении десен (гингивите): Метрогил Дента® наносится на  область десен тонким слоем пальцем или при помощи ватной палочки 2 раза в день.

После нанесения геля следует воздержаться от питья и приема пищи в течение 30 мин. Смывать гель не рекомендуется. Длительность курса лечения составляет в среднем 7-10 дней.

При пародонтите: после снятия зубных отложений, пародонтальные карманы обрабатываются гелем Метрогил Дента®, и производится аппликация геля на область десен. Время экспозиции – 30 мин. Количество процедур зависит от тяжести заболевания. В дальнейшем аппликации геля больной может проводить самостоятельно. Метрогил Дента® наносится на область десен 2 раза в день в течение 7-10 дней.

При афтозном стоматите: Метрогил Дента® наносится на пораженную область слизистой оболочки полости рта 2 раза в день в течение 7-10 дней.

Для профилактики обострений хронического гингивита и пародонтита: гель Метрогил Дента® наносится на область десен 2 раза в день в течение 7-10 дней.

Профилактические курсы лечения проводятся 2-3 раза в год.

Для профилактики постэкстракционного альвеолита: после удаления зуба лунка обрабатывается гелем Метрогил Дента®, затем гель применяется 2-3 раза в день в течение 7-10 дней. ",268,31
"Розамет, крем 1%, 25 г","Метронидазол"," Лечение воспаленных папул, пустул, эритемы при розовых и вульгарных угрях (acne rozacea, acne vulgaris)

Наносят на предварительно очищенную с помощью теплой воды или легкого детергента кожу тонким слоем и втирают 1-2 раза в сутки, утром и вечером. Курс лечения 1-2 месяца. Между очищением кожи и нанесением крема рекомендуется делать перерыв 15-20 минут. Терапевтический эффект наступает примерно через 3 недели. Средняя продолжительность лечения - 3-4 месяца.

Баланопостит, вульвовагинит (для удобства рекомендуется использовать аппликатор для интравагинального применения)

Выдавив из тюбика небольшое количестве крема, наносят на поверхность очагов поражения головки полового члена, крайней плоти, области малых половых губ, преддверия влагалища, с помощью ватного тампона или пальцев рук, слегка втирая, или при помощи аппликатора (интравагинально), используя 1-2 раза в сутки. Продолжительность лечения - 8-10 дней. ",219,32
"Метрогил, гель , 30 г","Метронидазол"," Для наружного применения.

Наносят на предварительно очищенную кожу тонким слоем 2 раза в сутки, утром и вечером, в течение 3-9 нед.

При необходимости накладывают окклюзионную повязку.

Средняя продолжительность курса лечения составляет 3-4 мес, терапевтический эффект обычно отмечается уже после 3 недель лечения ",206,33
"Стрептоцид, порошок 10 г","Сульфаниламид","Местно,наружно,наносят непосредственно на пораженную поверхность (в виде порошка для наружного применения) или намазывают (в виде 10% мази или 5% линимента) на марлевую салфетку;перевязки производят через 1-2 дня.

При глубоких ранениях вносят в полость раны 5-10-15 г порошка для наружного применения.",91,34
"Стрептоцид порошок, порошок 2 г","Сульфаниламид","При наружном применении наносят на пораженные участки кожи и слизистых оболочек. Перевязки производят через 1-2 дня.",30,35
"Стрептоцидовая мазь, 10% , 25 г","Сульфаниламид","Наносят на пораженные участки кожи и слизистых оболочек. Перевязки производят через 1-2 дня. ",82,36
"Лоратадин-Тева таблетки 10 мг, 30 шт.","Лоратадин"," Взрослым и детям с массой тела более 30 кг - по 10 мг 1 раз в сутки.

При печеночной недостаточности начальная доза - 5 мг/сут.

Детям от 2 до 12 лет с массой тела менее 30 кг - 5 мг/сут в 1 прием. ",300,37
"Ломилан, таблетки 10 мг, 7 шт. ","Лоратадин","

Внутрь, запивая водой или молоком, возможен прием вместе с пищей. При необходимости таблетку можно разжевать.

Взрослые и дети старше 12 лет — 2 дозировочные ложки (10 мл) 1 раз в сутки; дети от 2 до 12 лет с массой тела более 30 кг — 2 дозировочные ложки (10 мл) 1 раз в сутки; с массой тела менее 30 кг — 1 дозировочная ложка (5 мл) 1 раз в сутки.

Взрослые и дети старше 12 лет — 10 мг (1 табл.) 1 раз в сутки; дети от 3 до 12 лет с массой тела более 30 кг — 10 мг (1 табл.) 1 раз в сутки; с массой тела менее 30 кг — 5 мг (1/2 таблетки) 1 раз в сутки.

Для пациентов с нарушениями функции печени необходимо назначать уменьшенную суточную дозу препарата взрослым и детям с массой тела более 30 кг доза составляет 10 мг (2 дозировочные ложки суспензии или 1 табл.) через день.

Для детей младше 12 лет рекомендуется применение суспензии.

Продолжительность лечения зависит от продолжительности проявления симптоматики заболевания. Если состояние пациента не улучшается в течение 3 дней после начала лечения, значит лоратадин неэффективен.

Пациентам пожилого возраста или с почечной недостаточностью коррекция дозы не требуется.

Пациенты с тяжелой почечной недостаточностью (Cl креатинина  У взрослых и детей с 6 лет стартовая доза должна составлять 10 мг (2 дозировочные ложки суспензии или 1 таблетку) через день; у детей с 3 лет — 5 мг (1 дозировочная ложка суспензии или 1/2 таблетки) через день.",107,38
"Кларитин, таблетки 10 мг, 30 шт.","Лоратадин","

Применять независимо от времени приема пищи.

Взрослым, в том числе пожилым, и подросткам от 12 лет рекомендуется в дозе 10 мг (1 таблетка или 2 чайные ложки (10 мл) сиропа) 1 раз в день.

Детям от 2 до 12 лет рекомендуется дозу препарата назначать в зависимости от массы тела: при массе тела 30 кг и менее – 5 мг (1 чайная ложка (5 мл) сиропа) 1 раз в день; при массе более 30 кг – 10 мг (2 чайные ложки (10 мл) сиропа или 1 таблетка) 1 раз в день.

Взрослым и детям с тяжелым нарушением функции печени начальная доза должна составлять: при массе тела 30 кг и менее – 5 мг (1 чайная ложка (5 мл) сиропа) через день, при массе тела более 30 кг – 10 мг (2 чайные ложки (10 мл) сиропа или 1 таблетка) через день.",423,39
"Лорагексал, таблетки 10 мг, 10 шт.","Лоратадин","

Внутрь.

Детям от 3 до 12 лет:

    с массой тела менее 30 кг — по 5 мг (1/2 таблетке) 1 раз в день. Суточная доза — 5 мг;
    с массой тела более 30 кг — по 10 мг (1 таблетке) 1 раз в день. Суточная доза — 10 мг.

Продолжительность лечения зависит от продолжительности проявления симптоматики заболевания. Если состояние пациента не улучшается в течение 3 дней после начала лечения, значит лоратадин не эффективен.

Пациентам с тяжелой печеночной недостаточностью необходимо назначать уменьшенную суточную дозу препарата:

    взрослые и дети с массой тела более 30 кг — 10 мг (1 таблетка) через день;
    дети с массой тела менее 30 кг — 5 мг (1/2 таблетки) через день.

Пациентам пожилого возраста не требуется коррекция дозы.

Пациенты с тяжелой почечной недостаточностью (Cl креатинина",49,40
"Лоратавел таблетки 10 мг, 10 шт.","Лоратадин"," Внутрь, независимо от времени приема пищи.

Взрослым, в том числе пожилым, и подросткам старше 12 лет рекомендуется прием лекарственного препарата в дозе 10 мг (1 таблетка) 1 раз в день.

При применении препарата у пожилых пациентов и у пациентов с наличием хронической почечной недостаточности коррекции дозы не требуется.

Детям в возрасте от 3 до 12 лет с массой тела более 30 кг – 10 мг (1 таблетка) 1 раз в день. Взрослым и детям при массе тела более 30 кг с тяжелым нарушением функции печени начальная доза должна составлять 10 мг (1 таблетка) через день",160,41
